<?xml version="1.0" encoding="UTF-8"?><unit xmlns="http://www.sdml.info/srcML/src" xmlns:cpp="http://www.sdml.info/srcML/cpp" language="C" dir="" filename="function_vorlage.h">
<function>	<type><name>void</name></type> <name>vorlageFunction</name><parameterlist>(<param><decl><type><name>var</name></type> <name>testVar</name></decl></param>)</parameterlist>
	<block>{
	<comment>//--functionbody</comment>
	}</block></function>

<expr_stmt><expr><call><name>vorlageCall</name><argument_list>(<argument><expr><name>testVar</name></expr></argument>)</argument_list></call></expr>;</expr_stmt>
</unit>